{
    "exposure_correction": {
        "expected_minimum": 0.1988801017399403,
        "expected_range": 0.7627100523887482,
        "measured_range": 0.5615036680589869,
        "saturation_correction": 1.0579607258605546,
        "v_measured_black": 0.1270383172556351
    },
    "white_balance_correction": {
        "src_white_point": [
            0.15832535352646324,
            0.16432398755780211,
            0.1377033076767546
        ],
        "dst_white_point": [
            0.18191203,
            0.1916,
            0.21010052
        ]
    },
    "flat_fielding_correction_path": null,
    "denoising": null,
    "ccm": null,
    "ridge_ccm": {
        "ccm": [
            [
                0.9291546940803528,
                0.04813557490706444,
                0.01925087720155716
            ],
            [
                -0.046622104942798615,
                1.0128949880599976,
                0.030097687616944313
            ],
            [
                0.021182233467698097,
                -0.05884553864598274,
                1.030212163925171
            ]
        ],
        "measured_values": [
            [
                0.1151646301150322,
                0.10438701510429382,
                0.06890750676393509
            ],
            [
                0.3806777596473694,
                0.3480084538459778,
                0.26821622252464294
            ],
            [
                0.16697824001312256,
                0.17949846386909485,
                0.3404875695705414
            ],
            [
                0.10542389005422592,
                0.1326732635498047,
                0.07158917933702469
            ],
            [
                0.24047572910785675,
                0.2284279763698578,
                0.4301283657550812
            ],
            [
                0.30509814620018005,
                0.41947615146636963,
                0.47031334042549133
            ],
            [
                0.39159095287323,
                0.3164066970348358,
                0.0764622688293457
            ],
            [
                0.12471789121627808,
                0.10990320891141891,
                0.36155661940574646
            ],
            [
                0.3058587312698364,
                0.2025221288204193,
                0.13781523704528809
            ],
            [
                0.08558277040719986,
                0.06470222771167755,
                0.13840290904045105
            ],
            [
                0.3374233543872833,
                0.4500386416912079,
                0.12743431329727173
            ],
            [
                0.4720996022224426,
                0.44349876046180725,
                0.0836375504732132
            ],
            [
                0.06954099982976913,
                0.05340082198381424,
                0.2659457325935364
            ],
            [
                0.14298802614212036,
                0.2327989935874939,
                0.10898610949516296
            ],
            [
                0.21941037476062775,
                0.1351652890443802,
                0.061870791018009186
            ],
            [
                0.560901939868927,
                0.6013085842132568,
                0.10621949285268784
            ],
            [
                0.3153800368309021,
                0.20884764194488525,
                0.317524790763855
            ],
            [
                0.15276409685611725,
                0.20091789960861206,
                0.42690762877464294
            ],
            [
                0.8599269390106201,
                0.904217541217804,
                0.9789478182792664
            ],
            [
                0.5533497333526611,
                0.5857881903648376,
                0.64707350730896
            ],
            [
                0.3389883041381836,
                0.3601170480251312,
                0.39782553911209106
            ],
            [
                0.18191203474998474,
                0.1916000247001648,
                0.21010057628154755
            ],
            [
                0.08600620925426483,
                0.09140338748693466,
                0.10155287384986877
            ],
            [
                0.03146775811910629,
                0.0332995280623436,
                0.036882273852825165
            ]
        ]
    },
    "finlayson_ccm": {
        "measured_values": [
            [
                0.1133570671081543,
                0.10243780165910721,
                0.06728608161211014
            ],
            [
                0.37562355399131775,
                0.3428207337856293,
                0.26390451192855835
            ],
            [
                0.1703435629606247,
                0.18427611887454987,
                0.3437488377094269
            ],
            [
                0.10571954399347305,
                0.13162367045879364,
                0.06817791610956192
            ],
            [
                0.24271512031555176,
                0.2331080138683319,
                0.4347752332687378
            ],
            [
                0.31272900104522705,
                0.4248165786266327,
                0.4663010537624359
            ],
            [
                0.3805508017539978,
                0.3045313060283661,
                0.06844798475503922
            ],
            [
                0.12813279032707214,
                0.11638783663511276,
                0.36865466833114624
            ],
            [
                0.29659169912338257,
                0.19502173364162445,
                0.13654018938541412
            ],
            [
                0.08529850840568542,
                0.065712109208107,
                0.14058975875377655
            ],
            [
                0.33763453364372253,
                0.4439460039138794,
                0.11194892972707748
            ],
            [
                0.4616115689277649,
                0.4297245442867279,
                0.07006659358739853
            ],
            [
                0.07230448722839355,
                0.05885162577033043,
                0.27231112122535706
            ],
            [
                0.14616195857524872,
                0.23241475224494934,
                0.10160844773054123
            ],
            [
                0.2115636169910431,
                0.12854108214378357,
                0.060433726757764816
            ],
            [
                0.5521537065505981,
                0.5861091017723083,
                0.08592540770769119
            ],
            [
                0.30920252203941345,
                0.20639391243457794,
                0.3215084969997406
            ],
            [
                0.15983112156391144,
                0.20923542976379395,
                0.43121832609176636
            ],
            [
                0.8613755106925964,
                0.9052501916885376,
                0.9735296964645386
            ],
            [
                0.5548015236854553,
                0.5870190858840942,
                0.6438736319541931
            ],
            [
                0.3399655222892761,
                0.3609299659729004,
                0.3958339989185333
            ],
            [
                0.18229180574417114,
                0.19191309809684753,
                0.20902660489082336
            ],
            [
                0.08626780658960342,
                0.09162874519824982,
                0.10106413066387177
            ],
            [
                0.03155132010579109,
                0.033371906727552414,
                0.03670359402894974
            ]
        ]
    },