{
    "exposure_correction": {
        "expected_minimum": 0.19888009678526203,
        "expected_range": 0.7627100837980125,
        "measured_range": 0.5333539731646216,
        "saturation_correction": 1.0561528359020227,
        "v_measured_black": 0.11991244050404501
    },
    "white_balance_correction": {
        "src_white_point": [
            0.17123669740176373,
            0.17771003979385033,
            0.14953332690222235
        ],
        "dst_white_point": [
            0.18191203,
            0.1916,
            0.21010052
        ]
    },
    "flat_fielding_correction_path": null,
    "denoising": null,
    "ccm": null,
    "ridge_ccm": {
        "ccm": [
            [
                0.9341731667518616,
                0.058988992124795914,
                0.03992966562509537
            ],
            [
                -0.059206970036029816,
                1.040593147277832,
                0.053160421550273895
            ],
            [
                -0.00742756761610508,
                -0.03180132061243057,
                1.0767216682434082
            ]
        ],
        "measured_values": [
            [
                0.10530728101730347,
                0.09563063830137253,
                0.0632728710770607
            ],
            [
                0.3652268350124359,
                0.3343176245689392,
                0.255717933177948
            ],
            [
                0.1656082719564438,
                0.17790065705776215,
                0.33466124534606934
            ],
            [
                0.10399255156517029,
                0.1309875249862671,
                0.06966526806354523
            ],
            [
                0.23161515593528748,
                0.2191920280456543,
                0.41257205605506897
            ],
            [
                0.2830585241317749,
                0.3897170126438141,
                0.4382094442844391
            ],
            [
                0.3674801290035248,
                0.29559996724128723,
                0.07037796080112457
            ],
            [
                0.12145277857780457,
                0.10737060755491257,
                0.35280272364616394
            ],
            [
                0.3089102804660797,
                0.2039719969034195,
                0.13532592356204987
            ],
            [
                0.0860867127776146,
                0.06478719413280487,
                0.13820518553256989
            ],
            [
                0.3291861414909363,
                0.439147025346756,
                0.12148529291152954
            ],
            [
                0.4483106732368469,
                0.42055562138557434,
                0.07942558079957962
            ],
            [
                0.06446520984172821,
                0.049226030707359314,
                0.2504729628562927
            ],
            [
                0.14094509184360504,
                0.23029287159442902,
                0.10551151633262634
            ],
            [
                0.2245039939880371,
                0.137807235121727,
                0.062033478170633316
            ],
            [
                0.5725065469741821,
                0.6128825545310974,
                0.10700604319572449
            ],
            [
                0.30816012620925903,
                0.20430517196655273,
                0.30848926305770874
            ],
            [
                0.14565764367580414,
                0.19151927530765533,
                0.40573418140411377
            ],
            [
                0.7985933423042297,
                0.8398183584213257,
                0.9084938168525696
            ],
            [
                0.5468412041664124,
                0.5793873071670532,
                0.6368553638458252
            ],
            [
                0.34663909673690796,
                0.3675539791584015,
                0.4023299813270569
            ],
            [
                0.1819121390581131,
                0.19160012900829315,
                0.2101009339094162
            ],
            [
                0.08313728123903275,
                0.08860233426094055,
                0.09749636054039001
            ],
            [
                0.029273176565766335,
                0.03115217015147209,
                0.03455279767513275
            ]
        ]
    },
    "finlayson_ccm": {
        "measured_values": [
            [
                0.1065426915884018,
                0.09664130210876465,
                0.06430387496948242
            ],
            [
                0.37111714482307434,
                0.3398588299751282,
                0.2619921863079071
            ],
            [
                0.1785639375448227,
                0.19310756027698517,
                0.3534488081932068
            ],
            [
                0.10765545815229416,
                0.13385096192359924,
                0.07007209956645966
            ],
            [
                0.2457723468542099,
                0.2363090217113495,
                0.43553438782691956
            ],
            [
                0.30491209030151367,
                0.4120733141899109,
                0.45733341574668884
            ],
            [
                0.363537460565567,
                0.2895834445953369,
                0.06364750862121582
            ],
            [
                0.13387900590896606,
                0.12329354882240295,
                0.37555333971977234
            ],
            [
                0.30601128935813904,
                0.20115643739700317,
                0.13692745566368103
            ],
            [
                0.08976016938686371,
                0.0696672648191452,
                0.14610862731933594
            ],
            [
                0.3382725417613983,
                0.4439409077167511,
                0.11439517140388489
            ],
            [
                0.44677987694740295,
                0.41530612111091614,
                0.06881514191627502
            ],
            [
                0.07312678545713425,
                0.06072273850440979,
                0.26764535903930664
            ],
            [
                0.14946475625038147,
                0.23690465092658997,
                0.10523615032434464
            ],
            [
                0.22033175826072693,
                0.13340678811073303,
                0.06074264273047447
            ],
            [
                0.5752464532852173,
                0.6095536947250366,
                0.09147299081087112
            ],
            [
                0.3122444748878479,
                0.21075250208377838,
                0.3233714997768402
            ],
            [
                0.1635677069425583,
                0.21223841607570648,
                0.4296901524066925
            ],
            [
                0.8318409323692322,
                0.8749227523803711,
                0.9455560445785522
            ],
            [
                0.5704517364501953,
                0.6043845415115356,
                0.6632294654846191
            ],
            [
                0.36156758666038513,
                0.38333871960639954,
                0.4189341962337494
            ],
            [
                0.18962886929512024,
                0.19977621734142303,
                0.21877548098564148
            ],
            [
                0.08678421378135681,
                0.09245969355106354,
                0.10154129564762115
            ],
            [
                0.030563537031412125,
                0.03252030164003372,
                0.03599564731121063
            ]
        ]
    },